{
  "n_points": 4096,
  "observed_unit_distances": 24576,
  "calculated_delta": 0.21541354172676308,
  "generators": [
    [
      -0.5,
      0.8660254037844386
    ],
    [
      -0.8461538461538461,
      0.532938710021193
    ],
    [
      -0.9285714285714286,
      0.37115374447904514
    ],
    [
      -0.9591836734693877,
      0.2827838053173677
    ],
    [
      -0.9736842105263158,
      0.22790142204853647
    ],
    [
      -0.981651376146789,
      0.19068449257639017
    ],
    [
      -0.9864864864864865,
      0.16384264395921813
    ],
    [
      -0.9896373056994818,
      0.1435897042544147
    ],
    [
      -0.9918032786885246,
      0.12777423990262207
    ],
    [
      -0.9933554817275747,
      0.11508643239660313
    ],
    [
      -0.9945054945054945,
      0.10468438946844863
    ],
    [
      -0.9953810623556582,
      0.09600281612391005
    ]
  ],
  "claim_boundary": "openai-unit-distance-verification-only"
}