{
  "n_points": 4,
  "observed_unit_distances": 5,
  "unit_distance_pairs": [
    [
      0,
      1
    ],
    [
      0,
      2
    ],
    [
      0,
      3
    ],
    [
      1,
      2
    ],
    [
      1,
      3
    ]
  ],
  "calculated_delta": 0.1609640474436811,
  "points_coordinates": [
    [
      0.0,
      0.0
    ],
    [
      1.0,
      0.0
    ],
    [
      0.5,
      0.8660254037844386
    ],
    [
      0.5,
      -0.8660254037844386
    ]
  ],
  "claim_boundary": "openai-unit-distance-verification-only"
}